lady-nana	Panch cash bears a Sogdian legend naming Lady Nana and the Panch tamgha around a square hole. It belongs to the local coinage of Panjikent; the legend is an important link between the coin and the city's cultural history.	潘治方孔钱带有称为“娜娜夫人”的粟特文铭文和潘治徽记，属于片治肯特的地方钱币体系。铭文将钱币与这座城市的文化历史联系起来。	Монеты Панча несут согдийскую надпись с именем «Госпожа Нана» и тамгу Панча у квадратного отверстия. Они относятся к местной чеканке Пенджикента; надпись связывает монеты с культурной историей города.
sr3	Vahshutava's bronze cash belongs to the Semirechye series. A Sogdian royal legend surrounds the square hole; reverse designs include the Türgesh tamgha, a runic sign and Chinese 元, or the word prn.	瓦赫什图瓦铜钱属于七河地区的钱币系列。方孔周围有粟特文王名铭文；背面类型包括突骑施徽记、如尼符号及汉字“元”，也有prn铭文组。	Бронзовые монеты Вахшутавы относятся к серии Семиречья. Квадратное отверстие окружает согдийская царская надпись; оборотные типы включают тюргешскую тамгу, рунический знак и китайский 元 либо слово prn.
sr6	The Türgesh qaghan series combines a Sogdian royal title with a large Türgesh tamgha. Differences in signs and in the clarity of the legend distinguish the individual types within this Semirechye coinage.	突骑施可汗系列以粟特文王号和醒目的突骑施徽记为特征。同属七河钱币，不同类型在附加符号和铭文清晰程度上有所区别。	Серия тюргешских каганов сочетает согдийский царский титул с крупной тюргешской тамгой. Дополнительные знаки и сохранность надписей различают типы этой монетной традиции Семиречья.
sr9	This Semirechye series has a Sogdian royal legend and reverse designs with a tamgha, a runic sign and prn. The source names Arslan Irkin and Inal-Tegin identify the ruler traditions under which these coins have been described.	这一七河系列带有粟特文王名铭文，背面可见徽记、如尼符号和prn。来源使用Arslan Irkin或Inal-Tegin之名描述这些钱币所属的统治者传统。	Эта серия Семиречья несёт согдийскую царскую надпись; на обороте встречаются тамга, рунический знак и prn. Названия Arslan Irkin и Inal-Tegin отражают именования правителей в описаниях источников.
sr14	Coins in the Tukhus complex carry legends connecting the local ruler with the Türgesh qaghan. The source distinguishes Oghitmish/Bitmish and several numbered types within this Semirechye series.	Tukhus系列的钱币铭文将地方统治者与突骑施可汗联系起来。七河来源中可见Oghitmish／Bitmish等名称，以及不同的编号类型。	Надписи монет комплекса Tukhus связывают местного правителя с тюргешским каганом. Источники различают Oghitmish/Bitmish и несколько нумерованных типов этой серии Семиречья.
sr20	Arslan Bilge-kagan's Semirechye coinage combines a Sogdian legend with four depressed, trident-like signs on the reverse. These signs provide a distinctive feature for recognising the type.	Arslan Bilge-kagan的七河钱币带有粟特文铭文，背面有四个凹入的三叉状符号。这组符号是辨认该类型的重要特征。	Монеты Arslan Bilge-kagan из Семиречья сочетают согдийскую надпись с четырьмя углублёнными трезубцеобразными знаками на обороте — характерной особенностью этого типа.
sr21	This square-hole series uses Arabic or Kufic legends. Zeno describes it in connection with Yelü Dashi and the Western Liao period, 1124–1144; its inscriptions distinguish it from the Sogdian-legend cash of Semirechye.	这一方孔钱系列使用阿拉伯文或库法体铭文。Zeno将其联系于耶律大石及1124—1144年的西辽时期；这种铭文与七河粟特文钱币形成鲜明区别。	Эта серия монет с квадратным отверстием использует арабские или куфические надписи. Zeno связывает её с Елюй Даши и периодом Западного Ляо, 1124–1144 гг.; надписи отличают её от согдийских монет Семиречья.
un16	A Sogdian legend encircles the square hole, while the reverse is plain. This simple contrast is the identifying feature of a series discussed in relation to eastern Sogdiana and northern Tokharistan.	钱币一面以粟特文铭文围绕方孔，另一面素面。这一对比是该系列的识别特征，已有资料将其与东粟特和北吐火罗地区联系起来。	Согдийская надпись окружает квадратное отверстие, а оборотная сторона гладкая. Этот контраст характеризует серию, рассматриваемую в связи с Восточным Согдом и Северным Тохаристаном.
un22	These cash coins combine a Sogdian legend with a reverse showing a tamgha to the left and an inscription to the right of the hole. The arrangement helps distinguish them among the northern Tokharistan-related types.	此类方孔钱带有粟特文铭文，背面在孔左置徽记、孔右置铭文。这种布局有助于辨认与北吐火罗有关的类型。	Эти монеты сочетают согдийскую надпись с тамгой слева и надписью справа от отверстия на обороте. Такая композиция отличает их среди типов, связываемых с Северным Тохаристаном.
un24	Matching tamghas flank the central hole. On the other side, an inscription repeats one word three times, giving this Central Asian cash type its distinctive paired-symbol and repeated-word design.	中央方孔两侧有相同徽记，另一面的铭文将同一词重复三次。成对符号与重复文字构成这一中亚钱币类型的独特设计。	Одинаковые тамги расположены по сторонам центрального отверстия. На другой стороне одно слово повторено трижды; парные символы и повторяющаяся надпись характеризуют этот центральноазиатский тип.
es19	Gurek's cash belongs to eastern Sogdian royal coinage. A Sogdian royal inscription and paired tamghas surround the square hole, linking the ruler's name with dynastic symbols.	Gurek方孔钱属于东粟特王室钱币体系。方孔周围的粟特文王名铭文与成对徽记，将统治者名称和王朝符号结合起来。	Монеты Гурека относятся к царской чеканке Восточного Согда. Согдийская царская надпись и парные тамги у квадратного отверстия соединяют имя правителя с династическими символами.
es18a	Tarhun's eastern Sogdian cash has paired tamghas and an inscription in two concentric lines. The circular text layout distinguishes it from types with shorter legends beside the hole.	Tarhun的东粟特方孔钱带有成对徽记，另一面的铭文分为两道同心环列。这种文字布局区别于在方孔旁书写短铭文的类型。	Монеты Тархуна из Восточного Согда несут парные тамги и надпись в двух концентрических строках. Круговая композиция текста отличает их от типов с короткими надписями рядом с отверстием.
dali	Dali yuanbao is a cast copper-alloy cash type from Kucha. Four Chinese characters are arranged around the square hole, showing the Chinese cash format within the coinage of the Tarim Basin.	“大历元宝”是龟兹的铸造铜合金方孔钱类型。四个汉字围绕中央方孔排列，体现了塔里木盆地钱币中的汉式方孔钱形制。	Дали юаньбао — тип литых медных монет из Кучи. Четыре китайских иероглифа расположены вокруг квадратного отверстия, отражая китайскую форму монет в Таримском бассейне.
alp-tagh	Alp Tagh's coin has a Sogdian ruler legend together with a Türgesh tamgha, a runic sign and Chinese 元. Its combination of scripts and symbols connects it with the cash traditions of Semirechye.	Alp Tagh钱币结合了粟特文统治者铭文、突骑施徽记、如尼符号与汉字“元”。多种文字和符号的组合将其与七河方孔钱传统联系起来。	Монета Alp Tagh сочетает согдийскую надпись правителя, тюргешскую тамгу, рунический знак и китайский 元. Такое сочетание письменностей связывает её с традициями Семиречья.
arslan-kul-irkin	Arslan Kul Irkin's square-hole bronze series belongs to Semirechye. The Kamyshev 45 examples provide a catalogue reference for recognising the series and comparing its inscriptions and symbols.	Arslan Kul Irkin方孔铜钱属于七河地区。Kamyshev第45号类型提供了辨认该系列、比较铭文和符号的目录参照。	Бронзовая серия Arslan Kul Irkin с квадратным отверстием относится к Семиречью. Тип Kamyshev 45 служит ориентиром для её распознавания и сравнения надписей и символов.
samarkand-shishpir	Shishpir's Samarkand cash places a Sogdian legend above and below the square hole. The other side has symbols and tamghas flanking the hole, combining a ruler inscription with emblematic imagery.	Shishpir的撒马尔罕方孔钱在孔的上下书写粟特文铭文，另一面在孔两侧配置符号和徽记，将统治者铭文与象征图像结合起来。	На монетах Шишпира из Самарканда согдийская надпись расположена над и под квадратным отверстием. На другой стороне отверстие обрамляют символы и тамги.
samarkand-wuzurg	This Samarkand bronze cash is described under the name Wuzurg in the Sogdian catalogue tradition. The source places examples at the end of the seventh century and cites Smirnova 78–100.	这一撒马尔罕铜钱系列在粟特钱币目录中称为Wuzurg。来源将部分钱币置于7世纪末，并引用Smirnova第78—100号。	Эта бронзовая серия Самарканда известна в согдийской каталогической традиции под именем Wuzurg. Источники относят примеры к концу VII века и ссылаются на Smirnova 78–100.
samarkand-warkhuman	Warkhuman's cash bears a Sogdian royal legend. Its reverse combines the Y-shaped Samarkand tamgha with a triskeles tamgha; sources also relate the ruler to the Fuhuman named in Tang chronicles.	Warkhuman钱币带有粟特文王名铭文，背面结合撒马尔罕的Y形徽记与三曲腿状徽记。来源也将该统治者与唐代史籍中的拂呼缦联系起来。	Монеты Вархумана несут согдийскую царскую надпись. На обороте сочетаются Y-образная тамга Самарканда и трискель; источники связывают правителя с Фухуманом танских хроник.
samarkand-mastich-unash	This Samarkand series uses a Sogdian royal name with MLK’, the Aramaic heterogram for king. The reverse pairs the Samarkand Y-shaped tamgha with a triskeles tamgha.	这一撒马尔罕系列的粟特文王名配有MLK’，即表示“王”的阿拉米文表意写法。背面组合撒马尔罕Y形徽记和三曲腿状徽记。	Эта серия Самарканда сочетает согдийское царское имя с MLK’ — арамейской гетерограммой «царь». На обороте расположены Y-образная тамга Самарканда и трискель.
samarkand-tukaspadak	Tukaspadak's cash combines a Sogdian royal legend with the Samarkand tamgha and a Panch-type dynastic tamgha on opposite sides of the square hole.	Tukaspadak方孔钱将粟特文王名铭文与撒马尔罕徽记、潘治式王朝徽记结合；两种徽记分置方孔两侧。	Монеты Тукаспадака сочетают согдийскую царскую надпись с тамгой Самарканда и династической тамгой панчского типа по сторонам квадратного отверстия.
samarkand-turgar	Turgar's cash belongs to the Samarkand ikhshid coinage. Sogdian legends and tamghas surround the square hole; some types add a crescent above the reverse design.	Turgar方孔钱属于撒马尔罕伊赫希德的钱币体系。粟特文铭文与徽记围绕方孔，部分类型在背面图案上方另有新月。	Монеты Тургара относятся к чеканке самаркандских ихшидов. Согдийские надписи и тамги окружают квадратное отверстие; некоторые типы имеют полумесяц в верхней части оборота.
samarkand-urk-wartramuka	Urk Wartramuka's cash has a Sogdian royal legend naming the king. The reverse places the Samarkand tamgha on the left and a dynastic triskeles tamgha on the right.	Urk Wartramuka方孔钱带有称名的粟特文王室铭文，背面在左侧置撒马尔罕徽记，右侧置王朝三曲腿状徽记。	Монеты Urk Wartramuka несут согдийскую надпись с именем царя. На обороте тамга Самарканда расположена слева, а династический трискель — справа.
samarkand-chinese-type	These Sogdian cash types adapt the Chinese Kaiyuan format. Source descriptions discuss a Sogdian reverse legend read as Bugh, meaning lord or god, illustrating the meeting of Chinese and local inscription traditions.	这些粟特方孔钱采用汉式开元钱形制。来源讨论了背面读作Bugh的粟特文铭文，意为“主”或“神”，体现汉字钱文与地方铭文传统的交汇。	Эти согдийские типы адаптируют китайскую форму Кайюань. Источники обсуждают согдийскую надпись Bugh — «господин» или «бог», отражающую сочетание китайской и местной традиций.
panch-amukian	Amukian's Panch cash has a circular Sogdian inscription naming the master of Panch. The reverse combines a runic OQ-like sign with the Panch tamgha beside the square hole.	Amukian潘治钱带有环列粟特文铭文，称其为“潘治之主”。背面在方孔旁组合如尼OQ状符号与潘治徽记。	Монеты Амукиана из Панча несут круговую согдийскую надпись с титулом господина Панча. На обороте у квадратного отверстия сочетаются рунический знак типа OQ и тамга Панча.
panch-chekin-chur-bilge	This Panch series combines the local tamgha with a Sogdian ruler legend. Source descriptions include the reading Bidkan, master and afshin of Panch, alongside the Chekin Chur Bilgä name used for the series.	这一潘治系列将地方徽记与粟特文统治者铭文结合。来源中可见“潘治之主、阿夫欣Bidkan”的释读，系列名称也使用Chekin Chur Bilgä。	Эта серия Панча сочетает местную тамгу с согдийской надписью правителя. В источниках встречается чтение Bidkan, господин и афшин Панча, наряду с названием Chekin Chur Bilgä.
panch-pycwtt	This Panch cash series is connected with the name Pycwtt, also written Pecut. The existing source cites Hirano's study of a coin in the name of Pecut, Lord of Panch, published in the Numismatic Chronicle in 2011.	这一潘治方孔钱系列联系于Pycwtt，亦写作Pecut。已有来源引用Hirano于2011年在《Numismatic Chronicle》发表的“潘治之主Pecut”钱币研究。	Эта серия Панча связана с именем Pycwtt, также передаваемым как Pecut. Источник ссылается на исследование Хирано о монете Pecut, господина Панча, в Numismatic Chronicle за 2011 год.
kabudan-cash	These local Sogdian cash types use a legend around the square hole and paired tamghas. Source examples describe matching semicircular signs on pedestals with a small ring, useful features for comparing the local issues.	这些地方粟特方孔钱以环孔铭文和成对徽记为特征。来源中的例钱描述了带小圆环、立于底座上的半圆形符号，可用于比较地方类型。	Эти местные согдийские монеты имеют надпись вокруг квадратного отверстия и парные тамги. Источники описывают одинаковые полукруглые знаки на подставках с небольшим кольцом.
barkat-ramchitak	Ramchitak's bronze cash is associated with the Sogdian local coinage described in Smirnova 1392–1418. Source examples place it in the second half of the seventh century.	Ramchitak铜钱属于粟特地方钱币传统，已有来源引用Smirnova第1392—1418号，并将例钱置于7世纪后半叶。	Бронзовые монеты Рамчитака относятся к местной согдийской традиции, представленной в Smirnova 1392–1418. Источники датируют примеры второй половиной VII века.
barkat-zatak	The Zatak or Natak series is recognised through the name reading and the Smirnova 1387 reference. Source discussions relate finds to eastern Sogdiana, providing context for comparing this local cash type.	Zatak／Natak系列以名称释读和Smirnova第1387号为辨认参照。来源讨论将发现记录联系于东粟特，为比较该地方方孔钱提供背景。	Серия Zatak, или Natak, распознаётся по чтению имени и ссылке Smirnova 1387. Обсуждения источников связывают находки с Восточным Согдом.
bukhara-kaiyuan-tamgha	Bukharian Kaiyuan-style cash combines the Chinese 開元通寶 legend with the Bukhara tamgha above the square hole. The local emblem distinguishes these issues from their Chinese prototypes.	布哈拉开元式方孔钱将“開元通寶”汉字钱文与方孔上方的布哈拉徽记结合。地方徽记使其区别于汉地原型。	Бухарские монеты типа Кайюань сочетают китайскую надпись 開元通寶 с тамгой Бухары над квадратным отверстием. Местная эмблема отличает их от китайского прототипа.
paykand-square-hole	Paykand cash combines the Bukhara tamgha, Chinese 元 and Sogdian text. Some source examples have crosses on the other side; the reading PRN / KND has been interpreted as “city of glory”.	佩肯特方孔钱结合布哈拉徽记、汉字“元”和粟特文。部分来源例钱另一面带有十字；PRN／KND被释为“荣耀之城”。	Монеты Пайкенда сочетают тамгу Бухары, китайский 元 и согдийский текст. Некоторые примеры имеют кресты на другой стороне; PRN / KND интерпретируется как «город славы».
kesh-akhurpat	Akhurpat's Kesh coinage includes a bearded portrait with a Sasanian-style winged crown and the Sogdian word prn, “glory” or “grace”. Other designs use a central square, a triskeles tamgha and a ruler legend.	Akhurpat的史国钱币可见戴萨珊式翼冠的有须肖像，以及粟特文prn，意为“荣耀”或“恩泽”。其他图案使用中央方形、三曲腿状徽记及统治者铭文。	Монеты Ахурпата из Кеша включают бородатый портрет в крылатой короне сасанидского типа и слово prn — «слава» или «благодать». Другие изображения используют центральный квадрат, трискель и надпись правителя.
chach-farankat	Farankat / Benakan cash belongs to the Chach local series. Source types include a facing portrait with long hair and a crescent, paired with a local tamgha and a surrounding legend.	Farankat／Benakan钱币属于赭时地方系列。来源类型可见长发正面肖像及新月，另一面配置地方徽记和环列铭文。	Монеты Farankat / Benakan относятся к местным сериям Чача. Среди типов встречается портрет анфас с длинными волосами и полумесяцем, в сочетании с местной тамгой и круговой надписью.
chach-khagan-square-hole	This Chach cash type has a Sogdian legend around the square hole, read in the source as “the sovereign khagan's coin”. The title links the design to the region's Sogdian-Turkic political culture.	这一赭时方孔钱类型带有环孔粟特文铭文，来源释为“至尊可汗的钱币”。该称号将其设计与当地粟特—突厥政治文化联系起来。	Этот тип Чача несёт согдийскую надпись вокруг квадратного отверстия, прочитанную в источнике как «монета государя-кагана». Титул связывает тип с согдийско-тюркской политической культурой региона.
sayram-anonymous-tutuk	The anonymous tutuk series is distinguished in source discussions by ash-like runic signs and square-hole cash form. Catalogue comparisons include Smirnova 1445 and regional finds used to discuss its circulation.	匿名tutuk系列在来源讨论中以ash状如尼符号和方孔钱形制为特征。Smirnova第1445号及区域发现记录提供了讨论其流通的参照。	Анонимная серия tutuk выделяется руническими знаками типа ash и формой монеты с квадратным отверстием. Сравнения включают Smirnova 1445 и региональные находки, используемые при изучении обращения.
keder-cash	The Keder cash group is characterised by a central square or square frame and local legends or tamghas. Individual source descriptions retain the ruler names and catalogue references needed to distinguish the different examples.	Keder钱币组以中央方孔或方框，以及地方铭文、徽记为特征。个体来源描述保留了用于区分例钱的统治者名称和目录参照。	Группа Keder характеризуется центральным квадратом или квадратной рамкой, местными надписями и тамгами. Индивидуальные описания содержат имена правителей и каталогические ссылки, различающие примеры.
ferghana-anon-khagan	The Ferghana anonymous khaqan series combines a Sogdian-Turkic khagan title with a lyre-shaped tamgha. Source examples have a plain reverse, contrasting with the inscribed and emblematic side.	费尔干纳匿名可汗系列将粟特—突厥文可汗称号与里拉琴状徽记结合。来源中的例钱背面素面，与带文字和徽记的一面形成对比。	Анонимная каганская серия Ферганы сочетает согдийско-тюркский титул кагана с лирообразной тамгой. В источниках встречается гладкий оборот, контрастирующий с надписью и эмблемой.
qarluq-kobek	This Qarluq series of Semirechye uses a Sogdian legend referring to the Qarluq branch and khagan. The other side includes a ruler name read as Köbäk or Pobak and two tamghas.	这一七河葛逻禄系列的粟特文铭文提及葛逻禄支系与可汗，另一面可见读作Köbäk或Pobak的统治者名称及两个徽记。	Эта карлукская серия Семиречья несёт согдийскую надпись о карлукской ветви и кагане. На другой стороне встречаются имя, читаемое как Köbäk или Pobak, и две тамги.
yaghlaqar	Yaghlaqar cash combines legends on both sides with the clan's tamgha. Sources describe the script as Sogdian or Uyghur and place examples in the late eighth-century traditions of Semirechye.	药罗葛方孔钱在两面书写铭文并使用氏族徽记。来源将文字描述为粟特文或回鹘文，将例钱联系于8世纪末的七河传统。	Монеты Яглакар сочетают надписи на обеих сторонах с родовой тамгой. Источники описывают письмо как согдийское или уйгурское и связывают примеры с традициями Семиречья конца VIII века.
western-liao-zhouyuan	This Central Asian cash series adapts Chinese tongbao legends, including readings as 周元通寶 or 開元通寶. Sources describe distinctive calligraphy and Kyrgyzstan finds, and discuss the series in connection with Western Liao.	这一中亚方孔钱系列采用通宝钱文，包括“周元通寶”或“開元通寶”等释读。来源描述了特殊书法和吉尔吉斯斯坦的发现，并将该系列联系于西辽。	Эта центральноазиатская серия адаптирует китайские надписи тунбао, читаемые как 周元通寶 или 開元通寶. Источники отмечают особую каллиграфию, находки в Кыргызстане и связь серии с Западным Ляо.
tokharistan-square-hole	Northern Tokharistan cash combines central square-hole forms with local inscriptions and tamghas. Source examples include a Sogdian legend paired with a swastika-like emblem.	北吐火罗方孔钱将中央方孔形制与地方铭文、徽记结合。来源例钱中可见粟特文铭文与卍状徽记的组合。	Монеты Северного Тохаристана сочетают центральное квадратное отверстие с местными надписями и тамгами. Среди примеров встречается согдийская надпись со свастикообразной эмблемой.
yarug-kadin	The Yarug-kadin series is a square-hole cash group from Semirechye. An existing source records a find near Burana in Kyrgyzstan, providing regional context for studying the name and type.	Yarug-kadin系列属于七河方孔钱。已有个体来源记录了吉尔吉斯斯坦布拉纳附近的发现，为研究名称和类型提供区域背景。	Серия Yarug-kadin относится к монетам Семиречья с квадратным отверстием. Один из источников сообщает о находке возле Бураны в Кыргызстане, задавая региональный контекст для изучения имени и типа.
general-ir-chor-irti	The Ir Chor Irti series includes pierced and pseudo-aperture cash forms within the Sogdian-Turkic milieu. Comparing the central opening, inscriptions and symbols helps distinguish its examples.	Ir Chor Irti系列在粟特—突厥文化背景中包含穿孔及仿孔钱币形制。中央开口、铭文与符号可用于比较其不同例钱。	Серия Ir Chor Irti включает монеты с отверстием и его имитацией в согдийско-тюркской среде. Центральное отверстие, надписи и символы служат признаками для сравнения примеров.
semirechye-chinese-imitation	Semirechye imitations and recasts use Chinese cash formats and legends such as Kaiyuan, Qianyuan and Dali. Local casting and calligraphic differences show how Chinese coin designs were adapted within regional circulation.	七河仿铸与再铸钱采用汉式方孔钱形制，钱文包括开元、乾元、大历等。地方铸造和书法差异体现了汉地钱币设计在区域流通中的变化。	Подражания и переливки Семиречья используют китайскую форму и надписи Кайюань, Цяньюань, Дали и другие. Различия литья и каллиграфии показывают местную адаптацию китайских монет.
regional-east-asian-imports	These East Asian cash coins are recorded in Central Asian find contexts. The existing example comes from Kanka, an ancient centre of the Chach region in the Tashkent oasis, illustrating movement of coinage beyond its place of issue.	这些东亚方孔钱见于中亚发现背景。已有例钱来自塔什干绿洲赭时地区古代中心Kanka，体现钱币离开发行地后的流通。	Эти восточноазиатские монеты зарегистрированы в центральноазиатских находках. Существующий пример происходит из Канки, древнего центра Чача в Ташкентском оазисе, и отражает распространение монет за пределы места выпуска.
semirechye-runic-sh-gamma	This Semirechye bronze cash type has two runic signs, š and γ, on opposite sides. A square or squarish opening and the paired signs distinguish it from the region's longer-legend types.	这一七河铜钱类型在两面分别使用如尼符号š和γ。中央方形或近方形开口及成对符号，使其区别于当地带长铭文的类型。	Этот бронзовый тип Семиречья несёт рунические знаки š и γ на разных сторонах. Квадратное или близкое к нему отверстие и пара знаков отличают его от типов с длинными надписями.
vakhsh-cross-tamgha-cash	Vakhsh and northern Tokharistan cash-like issues combine crosses, tamghas and Sogdian or Bactrian-style elements. Their central square openings or frames connect varied local designs with the wider cash tradition.	瓦赫什及北吐火罗的方孔钱式钱币结合十字、徽记与粟特或巴克特里亚式元素。中央方孔或方框将多样的地方设计与更广的方孔钱传统联系起来。	Монеты Вахша и Северного Тохаристана сочетают кресты, тамги и согдийские либо бактрийские элементы. Центральные квадратные отверстия или рамки связывают местные изображения с общей традицией cash.
ferghana-two-tamgha-cash	The Ferghana two-tamgha group combines a square-hole cash form with two emblems. The paired tamghas are the principal feature used to compare these local examples.	费尔干纳双徽记组将方孔钱形制与两个徽记结合。成对徽记是比较这些地方例钱的主要特征。	Ферганская группа с двумя тамгами сочетает форму монеты с квадратным отверстием и две эмблемы. Парные тамги служат основным признаком для сравнения местных примеров.
fansar-pargar-square-hole	Fansar / Pargar cash belongs to eastern Sogdian local coinage. Sources describe a Sogdian ruler legend and a reverse combining prn, “glory”, with the Samarkand Y-shaped tamgha.	Fansar／Pargar方孔钱属于东粟特地方钱币。来源描述了粟特文统治者铭文，以及将prn“荣耀”与撒马尔罕Y形徽记结合的背面。	Монеты Fansar / Pargar относятся к местной чеканке Восточного Согда. Источники описывают согдийскую надпись правителя и оборот со словом prn — «слава» и Y-образной тамгой Самарканда.
samarkand-unlisted-square-hole	These Samarkand-related Sogdian bronze cash types have clear square holes and local legends. Their inscriptions and symbols provide the basis for comparison with the better-known royal series.	这些与撒马尔罕有关的粟特铜钱带有清晰方孔和地方铭文。铭文与符号可用于和较熟悉的王室系列比较。	Эти согдийские бронзовые типы, связываемые с Самаркандом, имеют отчётливое квадратное отверстие и местные надписи. Тексты и символы позволяют сравнивать их с известными царскими сериями.
termez-cash-like	The Termez / Tirmidh cash-like issue has a square or squarish opening. Its source describes an anchor-like tamgha and the Sogdian word prn, “glory”, on the reverse.	Termez／Tirmidh方孔钱式钱币有方形或近方形开口。来源描述其背面带有锚状徽记及粟特文prn，意为“荣耀”。	Монета типа cash из Термеза / Тирмиза имеет квадратное или близкое к нему отверстие. Источник описывает на обороте якореобразную тамгу и согдийское prn — «слава».
badakhshan-kaiyuan-arabic	Badakhshan bronze cash combines Chinese Kaiyuan-derived form and lettering with Arabic legends. Source types include 開元通寶 on one side and a profession of faith with the name Badakhshan on the other.	巴达赫尚铜钱将汉式开元钱形制和钱文与阿拉伯文铭文结合。来源类型包括一面的“開元通寶”，另一面的信仰宣言与巴达赫尚地名。	Бронзовые монеты Бадахшана сочетают форму и надпись китайского Кайюань с арабскими легендами. Среди типов встречаются 開元通寶 на одной стороне и исповедание веры с названием Бадахшана на другой.
uncertain-central-asian-square-hole	These Central Asian bronze cash types share a clearly square central opening. Individual inscriptions and tamghas are the useful identifying features; the source records preserve the different regional descriptions.	这些中亚铜钱具有清晰的中央方孔。个体铭文和徽记是实用的识别特征；来源记录保留了各自不同的地域描述。	Эти центральноазиатские бронзовые типы имеют отчётливое квадратное отверстие. Надписи и тамги служат полезными признаками идентификации; источники сохраняют различные региональные описания.
nwr-pry-square-hole	This bronze cash group is distinguished by the reading “Nwr-pry” and a square central opening. The inscription provides the main point of comparison between the surviving examples.	这一铜钱组以“Nwr-pry”释读和中央方孔为特征。铭文是比较现存例钱的主要依据。	Эту бронзовую группу отличают чтение «Nwr-pry» и квадратное центральное отверстие. Надпись служит основным ориентиром для сравнения примеров.
semirechye-unattributed-cash	These Semirechye cash types combine square-hole form with varied local legends and tamghas. Source titles describe qaghan, Türgesh and two-tamgha designs, offering several routes for comparing the regional coinage.	这些七河钱币将方孔形制与多种地方铭文和徽记结合。来源题名涉及可汗、突骑施和双徽记图案，为比较区域钱币提供不同线索。	Эти типы Семиречья сочетают квадратное отверстие с разнообразными местными надписями и тамгами. Источники описывают каганские, тюргешские и двухтамговые изображения.
ferghana-chach-anepigraphic-cash	These bronze cash types have a square or squarish opening and no inscription. Source records discuss them in the Ferghana and Chach regional contexts; the absence of lettering makes the form and symbols especially useful for comparison.	这些铜钱有方形或近方形开口，无铭文。来源在费尔干纳和赭时背景中讨论它们；缺少文字时，形制与符号尤其有助于比较。	Эти бронзовые монеты имеют квадратное или близкое к нему отверстие и не несут надписи. Источники рассматривают их в контексте Ферганы и Чача; форма и символы особенно важны для сравнения.
